Ted,NC,5000
Pete,AZ,10000
6FNSH9YS7Y,5Z7892VRIL,
VI72C,6M7H2,
NLDD8EQX7R8Z2,13K8HN1WQ799N,
9H8M9ZFPL2KTQB,919TUN9WXQR7J3,
4MPA2C5MG7Y4,03BO8923BN96,
0H4W2TZ5YHV,5I86JYOITFQ,
ZEHWV4WYHDCZ,JQV0CXRSP09O,
QWKSX8,791EB0,
MCQ3Z,J26VJ,
77KN8T,HOYY7N,
GORK0H6HZM,51YG5A2R9N,
O647TCXJ1,KO2DCOWDW,
7OT8DANEU2H,N2NWUDG15NZ,
U8PJ8,LAY6M,
WA3Q46HT,9DIPAZT9,
06I2ANG,77UILZD,
TT6WO1MIW90Z0O,PRZRR7WW2H9V78,
TIQMCQYSJLW,D751GK1ELV9,
EDPV8,PQATF,
Y9EKIVI8ET3J3,L0F52T6G2SVF6,
Ted,NC,5000
Pete,AZ,10000
6FNSH9YS7Y,5Z7892VRIL,
VI72C,6M7H2,
NLDD8EQX7R8Z2,13K8HN1WQ799N,
9H8M9ZFPL2KTQB,919TUN9WXQR7J3,
4MPA2C5MG7Y4,03BO8923BN96,
0H4W2TZ5YHV,5I86JYOITFQ,
ZEHWV4WYHDCZ,JQV0CXRSP09O,
QWKSX8,791EB0,
MCQ3Z,J26VJ,
77KN8T,HOYY7N,
GORK0H6HZM,51YG5A2R9N,
O647TCXJ1,KO2DCOWDW,
7OT8DANEU2H,N2NWUDG15NZ,
U8PJ8,LAY6M,
WA3Q46HT,9DIPAZT9,
06I2ANG,77UILZD,
TT6WO1MIW90Z0O,PRZRR7WW2H9V78,
TIQMCQYSJLW,D751GK1ELV9,
EDPV8,PQATF,
Y9EKIVI8ET3J3,L0F52T6G2SVF6,
Ted,NC,5000
Pete,AZ,10000
6FNSH9YS7Y,5Z7892VRIL,
VI72C,6M7H2,
NLDD8EQX7R8Z2,13K8HN1WQ799N,
9H8M9ZFPL2KTQB,919TUN9WXQR7J3,
4MPA2C5MG7Y4,03BO8923BN96,
0H4W2TZ5YHV,5I86JYOITFQ,
ZEHWV4WYHDCZ,JQV0CXRSP09O,
QWKSX8,791EB0,
MCQ3Z,J26VJ,
77KN8T,HOYY7N,
GORK0H6HZM,51YG5A2R9N,
O647TCXJ1,KO2DCOWDW,
7OT8DANEU2H,N2NWUDG15NZ,
U8PJ8,LAY6M,
WA3Q46HT,9DIPAZT9,
06I2ANG,77UILZD,
TT6WO1MIW90Z0O,PRZRR7WW2H9V78,
TIQMCQYSJLW,D751GK1ELV9,
EDPV8,PQATF,
Y9EKIVI8ET3J3,L0F52T6G2SVF6,
